{
    "mae": 0.673457491199463,
    "mse": 0.7715230919916769,
    "r2": 0.2291524846272992
}